"Model","Classification Error","Standard Deviation","Gains","Total Time","Training Time (1,000 Rows)","Scoring Time (1,000 Rows)"
"Logistic Regression",0.6676131381375111,0.005437227621323658,-104.0,17087.0,30.99099099099099,732.6126126126126
"Decision Tree",0.6677807789142063,0.003872834900919993,-74.0,7416.0,3.6936936936936937,240.36036036036035
"Random Forest",0.6646488730030148,0.0028343751844411833,-28.0,186764.0,205.4954954954955,2105.1351351351354
"Gradient Boosted Trees",0.6472857544511001,0.00847309465760658,576.0,616047.0,497.5855855855856,1832.2072072072074
